<?xml version="1.0" encoding="UTF-8"?>
<project-private xmlns="http://www.netbeans.org/ns/project-private/1">
    <editor-bookmarks xmlns="http://www.netbeans.org/ns/editor-bookmarks/2" lastBookmarkId="0"/>
    <open-files xmlns="http://www.netbeans.org/ns/projectui-open-files/2">
        <group>
            <file>file:/C:/Users/PRATIK%20DUTTA/Dropbox/PhD/Btech%20Students/Agnibesh/PSO/src/pso/PSOProcess.java</file>
            <file>file:/C:/Users/PRATIK%20DUTTA/Dropbox/PhD/Btech%20Students/Agnibesh/PSO/src/pso/PSOConstants.java</file>
            <file>file:/C:/Users/PRATIK%20DUTTA/Dropbox/PhD/Btech%20Students/Agnibesh/PSO/src/pso/Particle.java</file>
            <file>file:/C:/Users/PRATIK%20DUTTA/Dropbox/PhD/Btech%20Students/Agnibesh/PSO/src/pso/Data.java</file>
            <file>file:/C:/Users/PRATIK%20DUTTA/Dropbox/PhD/Btech%20Students/Agnibesh/PSO/src/pso/fileProcess.java</file>
            <file>file:/C:/Users/PRATIK%20DUTTA/Dropbox/PhD/Btech%20Students/Agnibesh/PSO/src/pso/PSO.java</file>
            <file>file:/C:/Users/PRATIK%20DUTTA/Dropbox/PhD/Btech%20Students/Agnibesh/PSO/src/pso/DiseaseAssosiation.java</file>
            <file>file:/C:/Users/PRATIK%20DUTTA/Dropbox/PhD/Btech%20Students/Agnibesh/PSO/src/pso/Velocity.java</file>
            <file>file:/C:/Users/PRATIK%20DUTTA/Dropbox/PhD/Btech%20Students/Agnibesh/PSO/src/pso/PSOUtility.java</file>
            <file>file:/C:/Users/PRATIK%20DUTTA/Dropbox/PhD/Btech%20Students/Agnibesh/PSO/src/pso/Location.java</file>
            <file>file:/C:/Users/PRATIK%20DUTTA/Dropbox/PhD/Btech%20Students/Agnibesh/PSO/src/pso/ProblemSet.java</file>
            <file>file:/C:/Users/PRATIK%20DUTTA/Dropbox/PhD/Btech%20Students/Agnibesh/PSO/src/pso/Statistics.java</file>
        </group>
    </open-files>
</project-private>
